CPID,,
CP000,,
CP001,,
CP005,,
CP006,,
CP008,,
CP009,,
CP016,,
CP017,,
CP018,,
CP019,,
CP024,,
CP025,,
CP026,,
CP027,,
CP029,,
CP030,,
CP031,,
CP032,,
CP033,,
CP036,,
CP037,,
CP038,,
CP039,,
CP042,,
CP043,,
CP044,,
CP048,,
CP051,,
CP053,,
CP056,,
CP065,,
CP069,,
CP071,,
CP072,,
CP074,,
CP077,,
CP079,,
CP081,,
CP084,,
CP086,,
CP089,,
CP090,,
CP091,,
CP092,,
CP094,,
CP095,,
CP096,,
CP100,,
CP103,,
CP108,,
CP109,,
CP110,,
CP111,,
CP112,,
CP113,,
CP114,,
CP115,,
CP116,,
CP117,,
CP118,,
CP119,,
CP120,,
CP121,,
CP123,,
CP124,,
CP125,,
CP126,,
CP127,,
CP128,,
CP129,,
CP130,,
CP131,,
CP132,,
CP133,,
CP134,,
CP146,,
CP147,,
CP148,,
CP149,,
CP150,,
CP151,,
CP152,,
CP155,,
CP156,,
CP157,,
CP158,,
CP159,,
CP160,,
CP161,,
CP168,,
CP169,,
CP170,,
CP171,,
CP172,,
CP173,,
CP174,,
CP175,,
CP176,,
CP177,,
CP178,,
CP179,,
CP180,,
